Amino_Acid,3-Letter,1-Letter,Side-chain_polarity,Side-chain_charge_(pH_7.4),Hydropathy_index,Monoisotopic_mass,Average_mass,Group,LogP,Boiling_Point,Molar_Refractivity,#H_bond_acceptor,#H_bond_donors,ACD_LogD_(pH_7.4),Polar_Surface_Area,Molar_Volume,Solvent_accessible_surface_area,Dreiding_energy,Volume,Smiles,Minimal_projection_area�,Maximal_projection_area ,Delta_Projection_Area,Common_#H_bonds_possibility,Delta_#H_bonds_acc_don,polar_area_%
Alanine,Ala,A,n,neutral,1.8,71.03711,71.0788,S,-0.68,212.9,21,3,3,-2.89,63,76.7,142.03,3.48,84.93,CC(C(=O)O)N,22.27,29.61,7.34,6,0,0.4435682602
Arginine,Arg,R,b,positive,-4.5,156.10111,156.1875,phil,-1.79,367.6,40.7,6,7,-5.38,125,118.7,263.42,13.37,163.19,C(CC(C(=O)O)N)CNC(=N)N,26.79,57.4,30.61,13,-1,0.4745273707
Asparagine,Asn,N,p,neutral,-3.5,114.04293,114.1038,phil,-1.51,438,29.2,5,5,-4,106,94,183.88,9.68,115.17,C(C(C(=O)O)N)C(=O)N,23.6,39.93,16.33,10,0,0.5764629106
Aspartic acid,Asp,D,a,negative,-3.5,115.02694,115.0886,phil,-0.67,264.1,27.2,5,4,-4.37,101,87.9,178.34,6.89,112.75,C([C@@H](C(=O)O)N)C(=O)O,24.15,38.3,14.15,9,1,0.5663339688
Cysteine,Cys,C,n,neutral,2.5,103.00919,103.1388,phil,0.23,293.9,28.9,3,3,-2.53,102,90.8,159.86,4.63,103.46,C(C(C(=O)O)N)S,23.04,35.93,12.89,6,0,0.638058301
Glutamic acid,Glu,E,a,negative,-3.5,129.04259,129.1155,phil,-1.43,333.8,31.8,5,4,-5,101,104.4,209.18,7.74,129.67,C(CC(=O)O)C(C(=O)O)N,24.45,45.42,20.97,9,1,0.4828377474
Glutamine,Gln,Q,p,neutral,-3.5,128.05858,128.1307,phil,-1.28,353.5,32,5,5,-3.83,107,98.3,208.41,10.23,132.16,C(CC(=N)O)[C@@H](C(=O)O)N,26.95,44.59,17.64,10,0,0.5134110647
Glycine,Gly,G,n,neutral,-0.4,57.02146,57.0519,S,-1.03,240.9,16.4,3,3,-3.2,63,59.9,113.64,1.35,67.83,C(C(=O)O)N,18.41,25.99,7.58,6,0,0.5543822598
Histidine,His,H,b,neutral,-3.2,137.05891,137.1411,phil,-1.26,458.9,38,5,4,-3.4,92,109,215.2,21.41,135.02,c1c([nH]cn1)C[C@@H](C(=O)O)N,25.73,46.82,21.09,9,1,0.4275092937
Isoleucine,Ile,I,n,neutral,4.5,113.08406,113.1594,Phob_ Al,0.73,225.8,34.9,3,3,-1.86,63,126.6,232.49,15.53,136.2,CC[C@H](C)[C@@H](C(=O)O)N,28.13,46.65,18.52,6,0,0.270979397
Leucine,Leu,L,n,neutral,3.8,113.08406,113.1594,Phob_ Al,0.73,225.8,34.9,3,3,-1.86,63,126.6,232.95,12.11,136.11,CC(C)CC(C(=O)O)N,26.57,44.4,17.83,6,0,0.2704443014
Lysine,Lys,K,b,positive,-3.9,128.09496,128.1,phil,-1.04,311.5,38.4,4,5,-4.73,89,129.9,248.64,19.82,147.82,C(CCN)C[C@@H](C(=O)O)N,25.15,50.39,25.24,9,-1,0.3579472329
Methionine,Met,M,n,neutral,1.9,131.04049,131.1926,Phob_ Al,0.37,306.9,38.3,3,3,-1.93,89,123.7,226.63,11.26,137.75,CSCCC(C(=O)O)N,25.21,46.61,21.4,6,0,0.3927105855
Phenylalanine,Phe,F,n,neutral,2.8,147.06841,147.1766,Phob_ Ar,1.11,307.5,45.5,3,3,-1.46,63,137.4,246.54,20.18,155.62,c1ccc(cc1)CC(C(=O)O)N,28.48,54.03,25.55,6,0,0.2555366269
Proline,Pro,P,n,neutral,-1.6,97.05276,97.1167,S,-0.57,252.2,27.9,3,2,-2.76,49,97,180.22,13.63,107.74,C1CC(NC1)C(=O)O,24.24,36.69,12.45,5,1,0.2718899123
Serine,Ser,S,p,neutral,-0.8,87.03203,87.0782,S_ phil,-1.58,394.8,22.5,4,4,-3.65,84,74.2,151.58,3.73,93.51,C(C(C(=O)O)N)O,22.42,33.14,10.72,8,0,0.5541628183
Threonine,Thr,T,p,neutral,-0.7,101.04768,101.1051,phil,-1.23,345.8,27.1,4,4,-3.33,84,91.1,179.67,6.7,110.52,C[C@H]([C@@H](C(=O)O)N)O,25.39,36.45,11.06,8,0,0.4675237936
Tryptophan,Trp,W,n,neutral,-0.9,186.07931,186.2132,Phob_ Ar,1.04,447.9,57.8,4,4,-1.06,79,149.9,286.29,35.88,182.34,c1ccc2c(c1)c(c[nH]2)CC(C(=O)O)N,32.26,64.58,32.32,8,0,0.2759439729
Tyrosine,Tyr,Y,p,neutral,-1.3,163.06333,163.176,Phob_Ar,0.38,385.2,47.4,4,4,-2.24,84,135.9,257.73,22.21,164.03,c1cc(ccc1C[C@@H](C(=O)O)N)O,28.04,56.32,28.28,8,0,0.325922477
Valine,Val,V,n,neutral,4.2,99.06841,99.1326,Phob_ Al,0.2,213.6,30.2,3,3,-2.16,63,110.1,202.12,10.07,119.05,CC(C)C(C(=O)O)N,26.86,40.1,13.24,6,0,0.3116960222
